-- phpMyAdmin SQL Dump
-- version 4.0.10deb1
-- http://www.phpmyadmin.net
--
-- Host: localhost
-- Generation Time: Nov 03, 2015 at 03:50 PM
-- Server version: 5.5.44-0ubuntu0.14.04.1
-- PHP Version: 5.5.9-1ubuntu4.12

SET SQL_MODE = "NO_AUTO_VALUE_ON_ZERO";
SET time_zone = "+00:00";


/*!40101 SET @OLD_CHARACTER_SET_CLIENT=@@CHARACTER_SET_CLIENT */;
/*!40101 SET @OLD_CHARACTER_SET_RESULTS=@@CHARACTER_SET_RESULTS */;
/*!40101 SET @OLD_COLLATION_CONNECTION=@@COLLATION_CONNECTION */;
/*!40101 SET NAMES utf8 */;

--
-- Database: `group_tap`
--

-- --------------------------------------------------------

--
-- Table structure for table `group_history`
--

CREATE TABLE IF NOT EXISTS `group_history` (
  `history_id` bigint(20) NOT NULL AUTO_INCREMENT,
  `group_id` bigint(20) DEFAULT NULL,
  `latitude` varchar(50) DEFAULT NULL,
  `longitude` varchar(50) DEFAULT NULL,
  `created_date` timestamp NOT NULL DEFAULT CURRENT_TIMESTAMP,
  PRIMARY KEY (`history_id`)
) ENGINE=MyISAM  DEFAULT CHARSET=latin1 AUTO_INCREMENT=4 ;

--
-- Dumping data for table `group_history`
--

INSERT INTO `group_history` (`history_id`, `group_id`, `latitude`, `longitude`, `created_date`) VALUES
(1, 1, '22.22', '33.33', '2015-08-10 10:14:44'),
(2, 1, '22.22', '33.33', '2015-08-11 09:14:35'),
(3, 1, '22.22', '33.33', '2015-08-14 13:54:56');

-- --------------------------------------------------------

--
-- Table structure for table `group_request`
--

CREATE TABLE IF NOT EXISTS `group_request` (
  `id` int(11) NOT NULL AUTO_INCREMENT,
  `group_id` int(11) NOT NULL,
  `member_id` int(11) NOT NULL,
  `created` timestamp NOT NULL DEFAULT CURRENT_TIMESTAMP,
  PRIMARY KEY (`id`)
) ENGINE=InnoDB  DEFAULT CHARSET=latin1 AUTO_INCREMENT=53 ;

--
-- Dumping data for table `group_request`
--

INSERT INTO `group_request` (`id`, `group_id`, `member_id`, `created`) VALUES
(1, 1, 4, '2015-08-17 18:06:08'),
(44, 31, 19, '2015-10-19 13:01:01');

-- --------------------------------------------------------

--
-- Table structure for table `tap`
--

CREATE TABLE IF NOT EXISTS `tap` (
  `tap_id` bigint(20) NOT NULL AUTO_INCREMENT,
  `admin_id` bigint(20) DEFAULT NULL,
  `group_id` int(11) DEFAULT NULL,
  `name` text,
  `tap_time` time DEFAULT NULL,
  `location` text,
  `tap_image` text,
  `tap_pref` text NOT NULL,
  `isSendLocation` tinyint(1) NOT NULL DEFAULT '0',
  `lat` double NOT NULL,
  `lang` double NOT NULL,
  `created_date` timestamp NOT NULL DEFAULT CURRENT_TIMESTAMP,
  PRIMARY KEY (`tap_id`)
) ENGINE=MyISAM  DEFAULT CHARSET=latin1 AUTO_INCREMENT=421 ;

--
-- Dumping data for table `tap`
--

INSERT INTO `tap` (`tap_id`, `admin_id`, `group_id`, `name`, `tap_time`, `location`, `tap_image`, `tap_pref`, `isSendLocation`, `lat`, `lang`, `created_date`) VALUES
(1, 1, 1, '', '23:00:00', 'rajkot', '', '', 1, 0, 0, '2015-08-12 03:09:51'),
(2, 2, 1, '', '23:00:00', 'ahmedabad', '', '', 0, 0, 0, '2015-08-12 17:20:23'),
(83, 10, 28, '', '00:52:00', '24/25, Gyan Mandir Society, B/H Vasna Telephone Exchange, Revati Nagar, Narayan Nagar, Ahmedabad, Gujarat 380007, India', '', '', 0, 0, 0, '2015-08-21 19:22:22'),
(25, 11, 25, '', '15:24:00', '3734 Gleason Drive, Dublin, CA 94568, USA', '', '', 0, 0, 0, '2015-08-18 22:24:05'),
(27, 11, 25, '', '15:24:00', '3734 Gleason Drive, Dublin, CA 94568, USA', '', '', 0, 0, 0, '2015-08-18 22:24:06'),
(29, 11, 25, '', '15:24:00', '3734 Gleason Drive, Dublin, CA 94568, USA', '', '', 0, 0, 0, '2015-08-18 22:24:08'),
(30, 11, 25, '', '15:24:00', '3734 Gleason Drive, Dublin, CA 94568, USA', '', '', 0, 0, 0, '2015-08-18 22:24:08'),
(31, 11, 25, '', '22:08:00', '3734 Gleason Drive, Dublin, CA 94568, USA', '', '', 1, 0, 0, '2015-08-19 05:08:31'),
(32, 11, 25, '', '22:08:00', '3734 Gleason Drive, Dublin, CA 94568, USA', '', '', 0, 0, 0, '2015-08-19 05:08:31'),
(33, 11, 26, '', '22:14:00', '3720 Gleason Drive, Dublin, CA 94568, USA', '', '', 0, 0, 0, '2015-08-19 05:14:01'),
(34, 11, 26, '', '22:14:00', '3720 Gleason Drive, Dublin, CA 94568, USA', '', '', 0, 0, 0, '2015-08-19 05:14:01'),
(35, 11, 26, '', '22:14:00', '3720 Gleason Drive, Dublin, CA 94568, USA', '', '', 0, 0, 0, '2015-08-19 05:14:09'),
(36, 11, 26, '', '22:14:00', '3720 Gleason Drive, Dublin, CA 94568, USA', '', '', 0, 0, 0, '2015-08-19 05:14:09'),
(37, 11, 25, '', '22:27:00', '3734 Gleason Drive, Dublin, CA 94568, USA', '', '', 0, 0, 0, '2015-08-19 05:27:20'),
(101, 11, 31, '', '16:42:00', 'Bowman Drive, Baltimore, MD 21218, USA', '', '', 1, 39.328848, -76.621152, '2015-09-02 20:42:26'),
(96, 11, 36, '', '02:23:00', '3734 Gleason Drive, Dublin, CA 94568, USA', '', '', 0, 37.712105, -121.868205, '2015-08-24 09:23:23'),
(95, 11, 31, '', '02:23:00', '3734 Gleason Drive, Dublin, CA 94568, USA', '', '', 1, 37.712105, -121.868205, '2015-08-24 09:23:18'),
(94, 11, 36, '', '02:23:00', '3734 Gleason Drive, Dublin, CA 94568, USA', '', '', 0, 37.712105, -121.868205, '2015-08-24 09:23:14'),
(47, 11, 25, '', '22:27:00', '3734 Gleason Drive, Dublin, CA 94568, USA', '', '', 0, 0, 0, '2015-08-19 05:27:26'),
(100, 10, 35, '', '19:22:00', '132 Feet Ring Road,Adjacent to Jivraj Park Over-Bridge, Vejalpur Cross Road, Ahmedabad', '', '', 0, 0, 0, '2015-08-30 12:52:57'),
(99, 10, 35, '', '18:22:00', 'Aykar Vihar Road, Jodhpur, Ahmedabad, Gujarat 380015, India', '', '', 1, 23.011499, 72.523506, '2015-08-30 12:52:12'),
(59, 4, 3, '', '00:52:00', '20172 Merritt Drive, Cupertino, CA 95014, USA', '', '', 1, 0, 0, '2015-08-20 19:22:17'),
(63, 4, 24, '', '00:54:00', '10788-10926 North Blaney Avenue, Cupertino, CA 95014, USA', '', '', 0, 0, 0, '2015-08-20 19:24:04'),
(64, 4, 3, '', '00:54:00', 'Junipero Serra Freeway, Cupertino, CA 95014, USA', '', '', 0, 0, 0, '2015-08-20 19:24:15'),
(84, 4, 28, '', '17:02:00', '10627 Bandley Drive, Cupertino, CA 95014, USA', '', '', 0, 37.331488, -122.034798, '2015-08-23 11:32:44'),
(85, 4, 29, '', '22:25:00', 'Sunnyvale', '', '', 0, 0, 0, '2015-08-23 16:43:19'),
(86, 10, 29, '', '23:08:00', 'Narayan Nagar, Ahmedabad', '', '', 0, 0, 0, '2015-08-23 16:43:33'),
(87, 4, 27, '', '22:35:00', '1 Infinite Loop, Cupertino', '', '', 0, 0, 0, '2015-08-23 17:05:41'),
(88, 10, 29, '', '00:30:00', 'Abjibapa Marg, Jawahar Nagar, Narayan Nagar, Ahmedabad', '', '', 1, 0, 0, '2015-08-23 17:55:31'),
(89, 10, 30, '', '02:05:00', 'Nilkanth Plaza, Freniben Desai Marg, Bhatta, Paldi, Ahmedabad', '', '', 0, 0, 0, '2015-08-23 18:36:09'),
(90, 10, 31, '', '03:10:00', 'Paldi', '', '', 1, 0, 0, '2015-08-23 18:40:11'),
(92, 11, 26, '', '20:43:00', '4605 Lockhart Street, Dublin, CA 94568, USA', '', '', 0, 0, 0, '2015-08-24 03:43:44'),
(102, 11, 31, '', '20:48:00', '104 West University Parkway, Baltimore, MD 21210, USA', '', '', 0, 39.335357, -76.621237, '2015-09-04 00:48:39'),
(103, 11, 26, '', '20:53:00', '104 West University Parkway, Baltimore, MD 21210, USA', '', '', 0, 39.335199, -76.621561, '2015-09-04 00:53:45'),
(104, 11, 31, '', '21:21:00', '104 West University Parkway, Baltimore, MD 21210, USA', '', '', 1, 39.335079, -76.621634, '2015-09-04 01:21:02'),
(106, 10, 34, '', '23:15:00', 'Aykar Vihar Road, Jodhpur, Ahmedabad, Gujarat 380015, India', '', '', 1, 23.011283, 72.523362, '2015-09-04 17:45:39'),
(108, 10, 33, '', '00:05:00', '24/25, Gyan Mandir Society, B/H Vasna Telephone Exchange, Revati Nagar, Narayan Nagar, Ahmedabad, Gujarat 380007, India', '', '', 0, 22.99816, 72.547001, '2015-09-04 18:35:27'),
(109, 11, 31, '', '22:06:00', '2923 Saint Paul Street, Baltimore, MD 21218, USA', '', '', 1, 39.3239, -76.615695, '2015-09-07 02:06:20'),
(110, 11, 31, '', '17:05:00', 'East Gate, Baltimore, MD 21218, USA', '', '', 0, 39.3287, -76.619293, '2015-09-07 21:05:24'),
(112, 11, 26, '', '15:25:00', '3400 N Charles St, Baltimore, MD 21218, USA', '', '', 0, 39.330598, -76.619865, '2015-09-11 19:25:34'),
(113, 11, 31, '', '15:31:00', '4 W University Pkwy, Baltimore, MD 21218, USA', '', '', 0, 39.333891, -76.620283, '2015-09-11 19:31:09'),
(114, 11, 26, '', '09:41:00', 'Baltimore', '', '', 0, 0, 0, '2015-09-15 13:33:01'),
(119, 10, 33, '', '15:40:00', '132 Feet Ring Road,Adjacent to Jivraj Park Over-Bridge, Vejalpur Cross Road, Ahmedabad', '', '', 0, 0, 0, '2015-09-21 09:10:22'),
(120, 10, 31, '', '16:40:00', 'Global Odyssey [A unit of Go India Vacation Pvt. Ltd] Titanium City Center, F1009, 10th Floor Next to Sachin Tower,Setellite, Ahmedabad', '', '', 0, 0, 0, '2015-09-21 09:11:14'),
(121, 10, 34, '', '16:46:00', 'Vibhavari Society', '', '', 0, 0, 0, '2015-09-21 11:17:04'),
(122, 10, 27, '', '18:48:00', 'Times Of India Press Premises, New Times Of India Road, Near Bhil Kumar Society, Vejalpur, Ahmedabad', '', '', 0, 0, 0, '2015-09-21 11:18:41'),
(123, 10, 31, '', '18:41:00', 'Near Shyamal Cross Road, Ahmedabad', '', '', 0, 0, 0, '2015-09-21 12:11:37'),
(124, 10, 35, '', '17:46:00', 'Jivraj Vejalpur Road, Juhapura, Ahmedabad', '', '', 0, 0, 0, '2015-09-21 12:18:48'),
(125, 10, 35, '', '18:57:00', 'Near Shyamal Cross Road, Ahmedabad', '', '', 0, 23.015609, 72.530003, '2015-09-21 12:28:25'),
(126, 10, 35, '', '18:57:00', 'Satyam Complex, Nr. Prernatirth Derasar, Jodhpur, Satellite, Ahmedabad', '', '', 0, 23.018981, 72.518075, '2015-09-21 12:28:41'),
(127, 10, 35, '', '19:57:00', 'Aykar Vihar Rd, Jodhpur, Ahmedabad, Gujarat 380015, India', '', '', 0, 23.0114, 72.523501, '2015-09-21 14:27:13'),
(128, 10, 35, '', '21:58:00', 'Near Shyamal Cross Road, Ahmedabad', '', '', 0, 23.015609, 72.530003, '2015-09-21 14:28:14'),
(132, 11, 25, '', '14:24:00', '3700 North Charles Street, Baltimore', '', '', 0, 39.333966, -76.6187, '2015-09-21 15:25:21'),
(133, 10, 30, '', '22:54:00', 'titanium city center', '', '', 0, 0, 0, '2015-09-21 16:24:26'),
(136, 10, 34, '', '01:09:00', 'Near Shyamal Cross Road, Ahmedabad', '', '', 0, 23.015609, 72.530003, '2015-09-21 18:40:07'),
(138, 11, 31, '', '12:08:00', 'Baltimore', '', '', 0, 39.329901, -76.620518, '2015-09-22 15:09:17'),
(140, 10, 34, '', '23:25:00', 'Aykar Vihar Rd, Jodhpur, Ahmedabad, Gujarat 380015, India', '', '', 0, 23.011644, 72.523464, '2015-09-24 17:07:38'),
(141, 10, 34, '', '00:36:00', 'Aykar Vihar Rd, Jodhpur, Ahmedabad, Gujarat 380015, India', '', '', 0, 23.011538, 72.523519, '2015-09-25 00:36:36'),
(142, 10, 31, '', '02:37:00', 'Near Shyamal Cross Road, Ahmedabad', '', '', 0, 23.015609, 72.530003, '2015-09-25 00:37:41'),
(143, 10, 33, '', '00:14:00', 'Aykar Vihar Rd, Jodhpur, Ahmedabad, Gujarat 380015, India', '', '', 0, 23.011486, 72.523461, '2015-09-26 00:46:28'),
(144, 10, 24, '', '01:39:00', '132 Feet Ring Road,Adjacent to Jivraj Park Over-Bridge, Vejalpur Cross Road, Ahmedabad', '', '', 0, 23.008786, 72.530858, '2015-09-25 00:48:07'),
(145, 11, 31, '', '15:39:00', 'Bowman Dr, Baltimore, MD 21218, USA', '', '', 0, 39.327943, -76.620767, '2015-09-24 15:39:55'),
(146, 11, 25, '', '17:40:00', 'Practice field', '', '', 0, 0, 0, '2015-09-24 15:40:23'),
(147, 11, 31, '', '20:30:00', '3700 North Charles Street, Baltimore', '', '', 1, 39.333966, -76.6187, '2015-09-24 15:40:59'),
(148, 11, 31, '', '17:41:00', '100 W University Pkwy, Baltimore, MD 21210, USA', '', '', 0, 39.334583, -76.620659, '2015-09-24 17:42:02'),
(149, 11, 31, '', '00:02:00', '3549-3599 St Paul St, Baltimore, MD 21218, USA', '', '', 0, 39.331009, -76.615968, '2015-09-26 21:28:11'),
(150, 11, 31, '', '00:01:00', '601-695 E Baltimore St, Baltimore, MD 21202, USA', '', '', 0, 39.289693, -76.607198, '2015-09-25 00:01:28'),
(151, 11, 31, '', '02:01:00', 'get down?', '', '', 0, 0, 0, '2015-09-25 00:01:59'),
(156, 11, 31, '', '13:26:00', 'F.F.C', '', '', 1, 0, 0, '2015-09-26 13:09:23'),
(154, 10, 34, '', '00:58:00', 'Aykar Vihar Rd, Jodhpur, Ahmedabad, Gujarat 380015, India', '', '', 0, 23.011452, 72.523386, '2015-09-26 00:58:49'),
(155, 11, 31, '', '17:37:00', 'Baltimore', '', '', 0, 39.329901, -76.620518, '2015-09-25 15:37:38'),
(159, 10, 27, '', '01:36:00', 'Gupta Nagar', '', '', 0, 22.9990773, 72.53896870000001, '2015-09-27 23:36:29'),
(158, 11, 31, '', '13:20:00', 'E Gate, Baltimore, MD 21218, USA', '', '', 0, 39.328351, -76.619413, '2015-09-26 13:20:35'),
(160, 10, 34, '', '23:45:00', 'Gupta Nagar', '', '', 0, 22.9990773, 72.53896870000001, '2015-09-27 23:37:15'),
(161, 11, 31, '', '16:21:00', '10-98 E 34th St, Baltimore, MD 21218, USA', '', '', 0, 39.329191, -76.617205, '2015-09-27 16:21:36'),
(162, 11, 31, '', '11:37:00', 'levering middle seating', '', '', 0, 0, 0, '2015-09-29 11:24:20'),
(163, 11, 31, '', '13:35:00', 'Baltimore', '', '', 0, 39.328421, -76.619335, '2015-09-29 12:52:19'),
(164, 11, 31, '', '12:52:00', 'Bowman Dr, Baltimore, MD 21218, USA', '', '', 0, 39.328059, -76.621768, '2015-09-29 12:52:55'),
(165, 11, 31, '', '12:54:00', 'Bowman Dr, Baltimore, MD 21218, USA', '', '', 0, 39.328101, -76.62178, '2015-09-29 12:54:25'),
(166, 11, 31, '', '15:55:00', 'Baltimore', '', '', 1, 39.328421, -76.619335, '2015-09-29 12:56:12'),
(167, 11, 31, '', '13:01:00', '2724 St Paul St, Baltimore, MD 21218, USA', '', '', 0, 39.332098, -76.621242, '2015-10-01 13:01:59'),
(168, 11, 31, '', '13:24:00', '2724 St Paul St, Baltimore, MD 21218, USA', '', '', 0, 39.3321, -76.621238, '2015-10-01 13:25:08'),
(169, 11, 31, '', '14:26:00', '3333 North Charles Street, Baltimore', '', '', 0, 39.328653, -76.617179, '2015-10-01 13:26:42'),
(170, 11, 31, '', '13:32:00', '2724 St Paul St, Baltimore, MD 21218, USA', '', '', 0, 39.332334, -76.621555, '2015-10-01 13:32:46'),
(171, 11, 31, '', '13:44:00', '2724 St Paul St, Baltimore, MD 21218, USA', '', '', 0, 39.33222, -76.621082, '2015-10-01 13:45:01'),
(172, 11, 31, '', '13:50:00', '2724 St Paul St, Baltimore, MD 21218, USA', '', '', 0, 39.332099, -76.621233, '2015-10-01 13:50:47'),
(173, 11, 31, '', '14:01:00', '2724 St Paul St, Baltimore, MD 21218, USA', '', '', 0, 39.332205, -76.621251, '2015-10-01 14:01:23'),
(174, 11, 31, '', '14:51:00', 'Bowman Dr, Baltimore, MD 21218, USA', '', '', 0, 39.327678, -76.622273, '2015-10-01 14:52:02'),
(175, 11, 31, '', '00:38:00', '3333 N Charles St, Baltimore, MD 21218, USA', '', '', 0, 39.328719, -76.617174, '2015-10-02 00:39:11'),
(176, 11, 31, '', '01:39:00', 'uni mini', '', '', 0, 0, 0, '2015-10-02 00:39:34'),
(177, 11, 31, '', '00:49:00', '3333 N Charles St, Baltimore, MD 21218, USA', '', '', 0, 39.328743, -76.617162, '2015-10-02 00:49:35'),
(178, 11, 31, '', '20:33:00', 'FFC', '', '', 0, 0, 0, '2015-10-03 18:34:27'),
(179, 11, 31, '', '18:34:00', '3400 N Charles St, Baltimore, MD 21218, USA', '', '', 0, 39.331348, -76.619608, '2015-10-03 18:34:55'),
(180, 11, 31, '', '21:34:00', '3333 North Charles Street, Baltimore', '', '', 0, 39.328653, -76.617179, '2015-10-03 18:35:19'),
(181, 11, 31, '', '23:12:00', '3333 North Charles Street, Baltimore', '', '', 0, 39.328653, -76.617179, '2015-10-03 21:29:09'),
(182, 11, 31, '', '21:29:00', '104 W University Pkwy, Baltimore, MD 21210, USA', '', '', 0, 39.335135, -76.621536, '2015-10-03 21:29:46'),
(183, 11, 31, '', '21:29:00', '104 W University Pkwy, Baltimore, MD 21210, USA', '', '', 0, 39.335174, -76.621503, '2015-10-03 21:30:02'),
(184, 11, 31, '', '10:02:00', 'Baltimore', '', '', 0, 39.338563, -76.6224981, '2015-10-05 10:59:57'),
(185, 11, 44, '', '17:20:00', '3333 North Charles Street, Baltimore', '', '', 1, 39.328653, -76.617179, '2015-10-06 16:03:13'),
(186, 11, 45, '', '20:00:00', 'Baltimore', '', '', 0, 39.328112, -76.621692, '2015-10-06 16:05:02'),
(187, 11, 45, '', '16:11:00', 'Bowman Dr, Baltimore, MD 21218, USA', '', '', 0, 39.328046, -76.620738, '2015-10-06 16:12:17'),
(188, 11, 44, '', '16:25:00', 'E Gate, Baltimore, MD 21218, USA', '', '', 0, 39.328762, -76.619658, '2015-10-06 16:26:04'),
(189, 11, 44, '', '18:41:00', 'Baltimore', '', '', 0, 39.328112, -76.621692, '2015-10-06 16:42:38'),
(190, 14, 44, '', '21:42:00', '10 Art Museum Drive, Baltimore', '', '', 0, 39.325918, -76.61917, '2015-10-06 16:42:56'),
(191, 11, 46, '', '20:00:00', 'Baltimore', '', '', 0, 39.328112, -76.621692, '2015-10-06 16:45:15'),
(192, 11, 44, '', '18:59:00', '3333 North Charles Street, Baltimore', '', '', 1, 39.328653, -76.617179, '2015-10-06 17:00:02'),
(193, 11, 44, '', '22:00:00', 'Baltimore', '', '', 0, 39.3200501, -76.6167212, '2015-10-06 18:35:38'),
(194, 11, 44, '', '20:55:00', 'Bowman Dr, Baltimore, MD 21218, USA', '', '', 0, 39.328127, -76.621709, '2015-10-06 20:56:09'),
(195, 10, 47, '', '16:34:00', 'Aykar Vihar Rd, Jodhpur, Ahmedabad, Gujarat 380015, India', '', '', 0, 23.011515, 72.52352, '2015-10-07 16:35:10'),
(201, 10, 47, '', '20:50:00', 'Aykar Vihar Rd, Jodhpur, Ahmedabad, Gujarat 380015, India', '', '', 0, 23.011486, 72.523524, '2015-10-07 20:51:16'),
(197, 11, 46, '', '15:24:00', 'Baltimore', '', '', 1, 39.328112, -76.621692, '2015-10-07 08:25:16'),
(200, 11, 44, '', '12:00:00', 'Baltimore', '', '', 1, 39.328112, -76.621692, '2015-10-07 10:58:44'),
(199, 10, 47, '', '19:29:00', 'Aykar Vihar Rd, Jodhpur, Ahmedabad, Gujarat 380015, India', '', '', 0, 23.011234, 72.523371, '2015-10-07 19:30:25'),
(202, 11, 44, '', '13:27:00', 'Baltimore', '', '', 1, 39.328112, -76.621692, '2015-10-07 11:28:24'),
(203, 10, 41, '', '23:07:00', 'Vibhavari Society', '', '', 0, 23.0036645, 72.5286167, '2015-10-07 21:08:28'),
(204, 10, 47, '', '21:37:00', 'Aykar Vihar Rd, Jodhpur, Ahmedabad, Gujarat 380015, India', '', '', 0, 23.011546, 72.523518, '2015-10-07 21:38:10'),
(205, 11, 48, '', '20:30:00', '3107 Saint Paul Street # 1, Baltimore', '', '', 1, 39.326155, -76.615597, '2015-10-07 13:10:43'),
(206, 10, 42, '', '22:41:00', 'Aykar Vihar Rd, Jodhpur, Ahmedabad, Gujarat 380015, India', '', '', 0, 23.011528, 72.523526, '2015-10-07 22:42:04'),
(207, 10, 47, '', '22:41:00', 'Aykar Vihar Rd, Jodhpur, Ahmedabad, Gujarat 380015, India', '', '', 0, 23.011528, 72.523526, '2015-10-07 22:42:07'),
(208, 10, 31, '', '22:51:00', 'Aykar Vihar Rd, Jodhpur, Ahmedabad, Gujarat 380015, India', '', '', 0, 23.011521, 72.523505, '2015-10-07 22:52:07'),
(209, 10, 42, '', '22:55:00', '256, Rd Number 19, Wadla Village, Wadala, Mumbai, Maharashtra 400031, India', '', '', 1, 19.017615, 72.856164, '2015-10-07 22:56:11'),
(210, 11, 49, '', '18:30:00', 'Varsity 1005', '', '', 0, 0, 0, '2015-10-07 13:30:00'),
(211, 11, 49, '', '13:31:00', '3100 Wyman Park Dr, Baltimore, MD 21211, USA', '', '', 0, 39.325124, -76.622192, '2015-10-07 13:32:17'),
(212, 11, 49, '', '13:31:00', '3100 Wyman Park Dr, Baltimore, MD 21211, USA', '', '', 0, 39.325076, -76.62216, '2015-10-07 13:32:30'),
(213, 11, 48, '', '13:32:00', '3100 Wyman Park Dr, Baltimore, MD 21211, USA', '', '', 1, 39.325042, -76.622466, '2015-10-07 13:32:36'),
(214, 11, 48, '', '13:33:00', '3100 Wyman Park Dr, Baltimore, MD 21211, USA', '', '', 0, 39.325122, -76.622183, '2015-10-07 13:34:07'),
(216, 11, 46, '', '14:31:00', '3100 Wyman Park Dr, Baltimore, MD 21211, USA', '', '', 0, 39.325091, -76.62225, '2015-10-07 14:31:34'),
(217, 11, 46, '', '20:31:00', '3333 North Charles Street, Baltimore', '', '', 1, 39.328653, -76.617179, '2015-10-07 14:31:55'),
(218, 22, 50, '', '18:03:00', '3101 Saint Paul Street, Baltimore', '', '', 1, 39.325957, -76.615686, '2015-10-07 15:04:18'),
(219, 11, 48, '', '15:46:00', '3100 Wyman Park Dr, Baltimore, MD 21211, USA', '', '', 0, 39.325073, -76.622219, '2015-10-07 15:47:09'),
(220, 23, 48, '', '19:30:00', '3101 Saint Paul Street, Baltimore', '', '', 0, 39.325957, -76.615686, '2015-10-07 15:48:41'),
(221, 11, 49, '', '20:30:00', '18-76 E 33rd St, Baltimore, MD 21218, USA', '', '', 0, 39.328321, -76.616353, '2015-10-07 20:31:20'),
(222, 10, 42, '', '14:02:00', '256, Rd Number 19, Wadla Village, Wadala, Mumbai, Maharashtra 400031, India', '', '', 0, 19.017615, 72.856164, '2015-10-08 14:03:05'),
(223, 10, 41, '', '17:55:00', '256, Rd Number 19, Wadla Village, Wadala, Mumbai, Maharashtra 400031, India', '', '', 0, 19.017615, 72.856164, '2015-10-08 17:56:18'),
(224, 10, 41, '', '17:55:00', '256, Rd Number 19, Wadla Village, Wadala, Mumbai, Maharashtra 400031, India', '', '', 0, 19.017615, 72.856164, '2015-10-08 17:56:38'),
(225, 14, 44, '', '17:00:00', 'Baltimore', '', '', 0, 39.329901, -76.620518, '2015-10-08 14:19:22'),
(226, 11, 46, '', '18:00:00', 'FREE FOOD AT LEVERING', '', '', 0, 0, 0, '2015-10-08 15:01:11'),
(227, 11, 52, '', '20:00:00', 'FREE FOOD AT LEVERING', '', '', 0, 0, 0, '2015-10-08 15:07:48'),
(228, 11, 31, '', '15:08:00', 'Bowman Dr, Baltimore, MD 21218, USA', '', '', 0, 39.327983, -76.620875, '2015-10-08 15:08:46'),
(229, 11, 46, '', '22:25:00', '2927 St Paul St, Baltimore, MD 21218, USA', '', '', 0, 39.323983, -76.615693, '2015-10-08 22:25:53'),
(230, 11, 52, '', '00:05:00', '3333 North Charles Street, Baltimore', '', '', 0, 39.328653, -76.617179, '2015-10-08 22:26:14'),
(231, 11, 52, '', '01:25:00', '3333 North Charles Street, Baltimore', '', '', 0, 39.328653, -76.617179, '2015-10-08 22:26:39'),
(232, 11, 49, '', '00:28:00', 'Baltimore', '', '', 0, 39.31471000000001, -76.60372219999999, '2015-10-08 22:29:13'),
(233, 11, 51, '', '22:59:00', 'Baltimore', '', '', 0, 39.31471000000001, -76.60372219999999, '2015-10-08 22:47:36'),
(234, 11, 44, '', '11:10:00', 'Baltimore', '', '', 0, 39.328112, -76.621692, '2015-10-09 10:58:20'),
(235, 11, 49, '', '11:10:00', 'Baltimore', '', '', 1, 39.328112, -76.621692, '2015-10-09 10:59:38'),
(236, 11, 49, '', '11:02:00', 'Bowman Dr, Baltimore, MD 21218, USA', '', '', 0, 39.32812, -76.621781, '2015-10-09 11:02:54'),
(237, 11, 44, '', '11:02:00', 'Bowman Dr, Baltimore, MD 21218, USA', '', '', 0, 39.32812, -76.621781, '2015-10-09 11:03:01'),
(238, 13, 49, '', '23:00:00', 'Baltimore', '', '', 1, 39.329901, -76.620518, '2015-10-09 11:05:17'),
(239, 11, 46, '', '11:15:00', 'Baltimore', '', '', 0, 39.328112, -76.621692, '2015-10-09 11:11:36'),
(240, 13, 49, '', '23:00:00', 'Baltimore', '', '', 0, 39.3232464, -76.6058888, '2015-10-09 11:12:00'),
(241, 11, 46, '', '11:15:00', 'Baltimore', '', '', 1, 39.328112, -76.621692, '2015-10-09 11:14:13'),
(242, 11, 48, '', '13:30:00', 'Baltimore', '', '', 0, 39.328112, -76.621692, '2015-10-09 11:30:40'),
(243, 11, 49, '', '14:00:00', '100 West University Parkway, Baltimore', '', '', 0, 39.334567, -76.620539, '2015-10-09 12:07:30'),
(244, 11, 46, '', '13:30:00', '3333 North Charles Street, Baltimore', '', '', 0, 39.328653, -76.617179, '2015-10-09 12:07:54'),
(245, 11, 46, '', '12:34:00', 'W Bishops Rd, Baltimore, MD 21218, USA', '', '', 0, 39.333531, -76.618553, '2015-10-09 12:34:47'),
(246, 11, 46, '', '12:34:00', '2 W University Pkwy, Baltimore, MD 21218, USA', '', '', 0, 39.333292, -76.618564, '2015-10-09 12:34:50'),
(247, 11, 52, '', '18:30:00', 'Baltimore', '', '', 0, 39.328112, -76.621692, '2015-10-09 12:58:49'),
(248, 26, 54, '', '14:11:00', 'my dick', '', '', 0, 0, 0, '2015-10-09 13:12:39'),
(249, 11, 48, '', '17:00:00', '3700 North Charles Street, Baltimore', '', '', 0, 39.333966, -76.6187, '2015-10-09 16:03:41'),
(250, 11, 55, '', '16:51:00', '3700 N Charles St, Baltimore, MD 21218, USA', '', '', 0, 39.333838, -76.618858, '2015-10-09 16:52:31'),
(251, 11, 56, '', '17:30:00', '3700 North Charles Street, Baltimore', '', '', 0, 39.333966, -76.6187, '2015-10-09 17:10:05'),
(252, 27, 57, '', '21:06:00', '3700 San Martin Drive, Baltimore', '', '', 0, 39.332746, -76.623339, '2015-10-09 21:07:07'),
(253, 11, 46, '', '10:11:00', '3404 Saint Paul Street, Baltimore', '', '', 0, 39.329682, -76.616505, '2015-10-10 10:12:16'),
(254, 11, 54, '', '03:03:00', 'W Bishops Rd, Baltimore, MD 21218, USA', '', '', 0, 39.333597, -76.618517, '2015-10-11 03:03:44'),
(255, 11, 58, '', '17:30:00', 'Baltimore', '', '', 0, 39.328112, -76.621692, '2015-10-11 14:27:07'),
(256, 11, 56, '', '18:00:00', '3101 Saint Paul Street, Baltimore', '', '', 0, 39.325957, -76.615686, '2015-10-11 16:39:44'),
(257, 11, 58, '', '20:40:00', '10 Art Museum Drive, Baltimore', '', '', 0, 39.325918, -76.61917, '2015-10-11 18:42:03'),
(258, 26, 58, '', '20:50:00', 'Baltimore', '', '', 0, 39.328112, -76.621692, '2015-10-11 18:43:08'),
(259, 26, 58, '', '18:43:00', '18-76 E 33rd St, Baltimore, MD 21218, USA', '', '', 0, 39.32833, -76.61637, '2015-10-11 18:43:46'),
(260, 11, 57, '', '21:16:00', '3700 North Charles Street, Baltimore', '', '', 0, 39.333966, -76.6187, '2015-10-11 21:08:20'),
(261, 11, 59, '', '00:00:00', 'Baltimore', '', '', 0, 39.329901, -76.620518, '2015-10-11 23:33:02'),
(262, 11, 59, '', '23:33:00', '3100-3120 St Paul St, Baltimore, MD 21218, USA', '', '', 0, 39.326143, -76.615977, '2015-10-11 23:34:05'),
(263, 11, 59, '', '00:34:00', 'Baltimore', '', '', 0, 39.329901, -76.620518, '2015-10-11 23:35:03'),
(264, 11, 56, '', '23:34:00', '3100-3120 St Paul St, Baltimore, MD 21218, USA', '', '', 0, 39.326144, -76.615978, '2015-10-11 23:35:41'),
(265, 11, 46, '', '23:35:00', '3100-3120 St Paul St, Baltimore, MD 21218, USA', '', '', 0, 39.326123, -76.615945, '2015-10-11 23:35:47'),
(266, 11, 59, '', '23:45:00', '3107 Saint Paul Street # 1, Baltimore', '', '', 0, 39.326155, -76.615597, '2015-10-11 23:36:22'),
(267, 11, 59, '', '01:06:00', '18-76 E 33rd St, Baltimore, MD 21218, USA', '', '', 0, 39.328263, -76.61639, '2015-10-12 01:07:28'),
(268, 11, 59, '', '03:07:00', '201 East University Parkway, Baltimore', '', '', 0, 39.329267, -76.614289, '2015-10-12 01:08:00'),
(269, 11, 59, '', '14:00:00', 'Baltimore', '', '', 0, 39.329901, -76.620518, '2015-10-12 10:57:38'),
(270, 11, 58, '', '14:00:00', 'Baltimore', '', '', 0, 39.328112, -76.621692, '2015-10-12 10:58:30'),
(271, 11, 56, '', '11:20:00', 'Baltimore', '', '', 1, 39.328112, -76.621692, '2015-10-12 10:59:06'),
(272, 11, 54, '', '11:15:00', 'Baltimore', '', '', 0, 39.328112, -76.621692, '2015-10-12 10:59:48'),
(273, 14, 44, '', '15:00:00', 'Baltimore', '', '', 1, 39.328112, -76.621692, '2015-10-12 12:04:53'),
(276, 11, 56, '', '17:00:00', 'NOLANS', '', '', 0, 0, 0, '2015-10-12 16:14:06'),
(277, 11, 56, '', '18:30:00', '100 West University Parkway, Baltimore', '', '', 0, 39.334567, -76.620539, '2015-10-12 16:14:25'),
(279, 11, 44, '', '17:00:00', '100 West University Parkway, Baltimore', '', '', 0, 39.334567, -76.620539, '2015-10-12 16:15:20'),
(280, 11, 59, '', '17:58:00', '18-76 E 33rd St, Baltimore, MD 21218, USA', '', '', 0, 39.32833, -76.616376, '2015-10-12 17:59:26'),
(281, 11, 60, '', '17:59:00', '18-76 E 33rd St, Baltimore, MD 21218, USA', '', '', 1, 39.328332, -76.616411, '2015-10-12 18:00:28'),
(282, 28, 60, '', '04:02:00', 'london', '', '', 0, 0, 0, '2015-10-12 23:04:02'),
(283, 28, 60, '', '04:02:00', 'london', '', '', 0, 0, 0, '2015-10-12 23:04:40'),
(284, 28, 60, '', '04:02:00', 'Godalming', '', '', 0, 51.18573199999999, -0.612808, '2015-10-12 23:05:10'),
(285, 28, 60, '', '04:02:00', 'Charterhouse Road, Godalming', '', '', 0, 51.197093, -0.621953, '2015-10-12 23:05:25'),
(286, 28, 60, '', '23:30:00', 'Charterhouse Road, Godalming', '', '', 1, 51.197093, -0.621953, '2015-10-12 23:06:20'),
(287, 11, 60, '', '21:15:00', '3330 Saint Paul Street, Baltimore', '', '', 0, 39.328493, -76.616409, '2015-10-12 18:15:14'),
(288, 11, 60, '', '18:16:00', '18-76 E 33rd St, Baltimore, MD 21218, USA', '', '', 0, 39.328324, -76.616383, '2015-10-12 18:16:53'),
(289, 11, 60, '', '14:00:00', '100 West University Parkway, Baltimore', '', '', 0, 39.334567, -76.620539, '2015-10-13 10:42:27'),
(290, 11, 58, '', '13:00:00', '100 West University Parkway, Baltimore', '', '', 0, 39.334567, -76.620539, '2015-10-13 10:43:17'),
(291, 11, 53, '', '11:00:00', 'Baltimore', '', '', 1, 39.328112, -76.621692, '2015-10-13 10:44:03'),
(292, 11, 44, '', '11:00:00', 'Baltimore', '', '', 0, 39.328112, -76.621692, '2015-10-13 10:44:38'),
(293, 11, 59, '', '18:30:00', 'Baltimore', '', '', 0, 39.329901, -76.620518, '2015-10-13 18:02:14'),
(294, 11, 61, '', '19:15:00', '3333 North Charles Street, Baltimore', '', '', 0, 39.328653, -76.617179, '2015-10-13 18:03:46'),
(295, 10, 47, '', '12:40:00', '256, Rd Number 19, Wadla Village, Wadala, Mumbai, Maharashtra 400031, India', '', '', 0, 19.017615, 72.856164, '2015-10-14 12:41:24'),
(296, 10, 47, '', '12:41:00', '256, Rd Number 19, Wadla Village, Wadala, Mumbai, Maharashtra 400031, India', '', '', 0, 19.017615, 72.856164, '2015-10-14 12:42:33'),
(297, 11, 56, '', '12:50:00', '3101 Saint Paul Street, Baltimore', '', '', 0, 39.325957, -76.615686, '2015-10-14 10:50:24'),
(298, 11, 53, '', '11:15:00', 'Baltimore', '', '', 0, 39.328112, -76.621692, '2015-10-14 11:04:51'),
(299, 11, 44, '', '11:15:00', 'Baltimore', '', '', 0, 39.328112, -76.621692, '2015-10-14 11:05:11'),
(300, 11, 58, '', '12:00:00', 'Baltimore', '', '', 1, 39.328112, -76.621692, '2015-10-14 11:05:50'),
(302, 11, 54, '', '11:15:00', 'Baltimore', '', '', 0, 39.328112, -76.621692, '2015-10-14 12:16:33'),
(303, 11, 54, '', '12:18:00', 'Baltimore', '', '', 1, 39.328112, -76.621692, '2015-10-14 12:16:44'),
(304, 11, 54, '', '12:30:00', 'Baltimore', '', '', 0, 39.328112, -76.621692, '2015-10-14 12:25:29'),
(305, 11, 59, '', '20:20:00', 'Baltimore', '', '', 1, 39.329901, -76.620518, '2015-10-14 13:20:08'),
(306, 11, 53, '', '02:00:00', 'United States', '', '', 0, 39.329462, -76.617624, '2015-10-14 13:48:28'),
(307, 11, 62, '', '15:00:00', 'Baltimore', '', '', 0, 39.328421, -76.619335, '2015-10-14 14:11:36'),
(308, 11, 62, '', '01:11:00', 'Baltimore', '', '', 0, 39.328421, -76.619335, '2015-10-14 14:12:20'),
(309, 11, 62, '', '15:48:00', '3551 Keswick Rd, Baltimore, MD 21211, USA', '', '', 0, 39.331185, -76.627908, '2015-10-14 15:49:23'),
(310, 16, 44, '', '07:11:00', '7/11', '', '', 0, 0, 0, '2015-10-15 09:07:11'),
(312, 28, 60, '', '18:25:00', 'charterhouse', '', '', 0, 0, 0, '2015-10-17 07:33:37'),
(313, 10, 47, '', '15:19:00', 'Aykar Vihar Rd, Jodhpur, Ahmedabad, Gujarat 380015, India', '', '', 0, 23.011531, 72.523521, '2015-10-17 15:20:04'),
(314, 10, 47, '', '15:45:00', '17, Mahavir Nagar, Meldinagar, Vejalpur, Ahmedabad, Gujarat 380051, India', '', '', 0, 23.007016, 72.522236, '2015-10-17 15:46:27'),
(315, 10, 42, '', '15:53:00', '29, Vastrapur Station Rd, Mahavir Nagar, Vejalpur, Ahmedabad, Gujarat 380015, India', '', '', 0, 23.008564, 72.521201, '2015-10-17 15:54:36'),
(316, 10, 41, '', '16:01:00', '29, Vastrapur Station Rd, Mahavir Nagar, Vejalpur, Ahmedabad, Gujarat 380015, India', '', '', 0, 23.008593, 72.521185, '2015-10-17 16:01:58'),
(317, 10, 47, '', '16:15:00', 'Aykar Vihar Rd, Jodhpur, Ahmedabad, Gujarat 380015, India', '', '', 0, 23.011591, 72.523513, '2015-10-17 16:16:18'),
(318, 10, 42, '', '16:15:00', 'Aykar Vihar Rd, Jodhpur, Ahmedabad, Gujarat 380015, India', '', '', 0, 23.011591, 72.523513, '2015-10-17 16:16:22'),
(319, 10, 47, '', '16:51:00', 'Aykar Vihar Rd, Jodhpur, Ahmedabad, Gujarat 380015, India', '', '', 0, 23.011513, 72.523519, '2015-10-17 16:51:56'),
(320, 10, 42, '', '16:51:00', 'Aykar Vihar Rd, Jodhpur, Ahmedabad, Gujarat 380015, India', '', '', 0, 23.011513, 72.523519, '2015-10-17 16:52:02'),
(321, 10, 47, '', '17:23:00', 'Aykar Vihar Rd, Jodhpur, Ahmedabad, Gujarat 380015, India', '', '', 0, 23.01156, 72.52351, '2015-10-17 17:24:53'),
(322, 10, 38, '', '17:24:00', 'Aykar Vihar Rd, Jodhpur, Ahmedabad, Gujarat 380015, India', '', '', 0, 23.01156, 72.52351, '2015-10-17 17:24:59'),
(323, 11, 53, '', '17:30:00', '3101 Saint Paul Street, Baltimore', '', '', 0, 39.325957, -76.615686, '2015-10-17 11:32:31'),
(324, 11, 63, '', '18:30:00', '3101 Saint Paul Street, Baltimore', '', '', 1, 39.325957, -76.615686, '2015-10-17 12:05:49'),
(325, 11, 60, '', '12:49:00', '3400 N Charles St, Baltimore, MD 21218, USA', '', '', 1, 39.331343, -76.619635, '2015-10-17 12:49:57'),
(326, 11, 60, '', '15:55:00', 'E Gate, Baltimore, MD 21218, USA', '', '', 1, 39.328304, -76.619462, '2015-10-17 15:56:50'),
(327, 11, 59, '', '18:00:00', 'Baltimore', '', '', 0, 39.329901, -76.620518, '2015-10-17 15:57:41'),
(328, 11, 60, '', '16:54:00', 'E Gate, Baltimore, MD 21218, USA', '', '', 0, 39.32823, -76.619439, '2015-10-17 16:55:21'),
(329, 11, 63, '', '18:50:00', '3599 Pleasant Pl, Baltimore, MD 21211, USA', '', '', 1, 39.330633, -76.631734, '2015-10-17 18:51:40'),
(330, 25, 63, '', '18:50:00', '939-999 W 36th St, Baltimore, MD 21211, USA', '', '', 0, 39.331098, -76.632126, '2015-10-17 18:51:47'),
(331, 11, 63, '', '19:51:00', '908 West 36th Street, Baltimore', '', '', 0, 39.331376, -76.632094, '2015-10-17 18:53:06'),
(332, 11, 58, '', '20:15:00', 'Baltimore', '', '', 0, 39.328112, -76.621692, '2015-10-17 18:53:40'),
(333, 11, 63, '', '19:00:00', 'Pleasant Pl, Baltimore, MD 21211, USA', '', '', 0, 39.331146, -76.631946, '2015-10-17 19:01:22'),
(334, 28, 60, '', '20:12:00', 'Ilchester Place, London', '', '', 0, 51.503225, -0.203667, '2015-10-18 16:13:45'),
(335, 10, 42, '', '17:42:00', 'Aykar Vihar Rd, Jodhpur, Ahmedabad, Gujarat 380015, India', '', '', 1, 23.011489, 72.523499, '2015-10-19 17:43:00'),
(336, 10, 47, '', '18:08:00', 'Aykar Vihar Rd, Jodhpur, Ahmedabad, Gujarat 380015, India', '', '', 0, 23.011548, 72.523504, '2015-10-19 18:09:23'),
(337, 10, 42, '', '18:08:00', 'Aykar Vihar Rd, Jodhpur, Ahmedabad, Gujarat 380015, India', '', '', 0, 23.011548, 72.523504, '2015-10-19 18:09:26'),
(338, 19, 41, '', '20:24:00', '19, 3rd Floor, Vandematram Arcade, New S.G.Road, Ahmedabad', '', '', 0, 23.09864, 72.547718, '2015-10-19 18:25:50'),
(339, 19, 41, '', '18:25:00', 'Aykar Vihar Rd, Jodhpur, Ahmedabad, Gujarat 380015, India', '', '', 1, 23.011526, 72.52349, '2015-10-19 18:26:25'),
(340, 28, 64, '', '23:14:00', '99 Kensington High Street, London', '', '', 1, 51.501142, -0.19166, '2015-10-19 22:16:19'),
(341, 11, 64, '', '17:16:00', '3330 St Paul St, Baltimore, MD 21218, USA', '', '', 1, 39.328373, -76.616422, '2015-10-19 17:17:31'),
(342, 11, 62, '', '20:09:00', 'E Gate, Baltimore, MD 21218, USA', '', '', 1, 39.328271, -76.61929, '2015-10-19 20:10:39'),
(343, 11, 61, '', '21:10:00', '3333 North Charles Street, Baltimore', '', '', 1, 39.328653, -76.617179, '2015-10-19 20:11:23'),
(344, 11, 62, '', '20:24:00', 'Baltimore', '', '', 1, 39.328112, -76.621692, '2015-10-19 20:25:47'),
(345, 11, 62, '', '20:25:00', 'E Gate, Baltimore, MD 21218, USA', '', '', 1, 39.32846, -76.61937, '2015-10-19 20:26:08'),
(346, 28, 64, '', '01:45:00', 'Ilchester Place, London', '', '', 0, 51.503225, -0.203667, '2015-10-20 11:53:31'),
(347, 10, 42, '', '16:42:00', 'Aykar Vihar Rd, Jodhpur, Ahmedabad, Gujarat 380015, India', '', '', 0, 23.011543, 72.523513, '2015-10-20 16:43:55'),
(348, 10, 47, '', '16:42:00', 'Aykar Vihar Rd, Jodhpur, Ahmedabad, Gujarat 380015, India', '', '', 0, 23.011543, 72.523513, '2015-10-20 16:43:58'),
(349, 10, 47, '', '17:38:00', 'Aykar Vihar Rd, Jodhpur, Ahmedabad, Gujarat 380015, India', '', '', 0, 23.011537, 72.523521, '2015-10-20 17:39:15'),
(354, 28, 64, '', '23:50:00', 'Ilchester Place, London', '', '', 1, 51.503225, -0.203667, '2015-10-20 22:39:14'),
(351, 11, 53, '', '11:30:00', 'Baltimore', '', '', 0, 39.328112, -76.621692, '2015-10-20 11:10:09'),
(352, 11, 62, '', '12:30:00', 'BREEZEWAY', '', '', 0, 0, 0, '2015-10-20 11:16:18'),
(353, 11, 44, '', '11:21:00', 'Bowman Dr, Baltimore, MD 21218, USA', '', '', 1, 39.328167, -76.621712, '2015-10-20 11:22:36'),
(355, 11, 64, '', '17:39:00', 'E Gate, Baltimore, MD 21218, USA', '', '', 1, 39.328784, -76.619601, '2015-10-20 17:40:39'),
(356, 13, 62, '', '22:34:00', 'E Gate, Baltimore, MD 21218, USA', '', '', 1, 39.328555, -76.619475, '2015-10-20 22:35:17'),
(357, 11, 62, '', '22:44:00', 'E Gate, Baltimore, MD 21218, USA', '', '', 1, 39.328524, -76.619433, '2015-10-20 22:45:29'),
(358, 11, 62, '', '22:48:00', 'E Gate, Baltimore, MD 21218, USA', '', '', 0, 39.328541, -76.619451, '2015-10-20 22:49:20'),
(359, 11, 53, '', '15:00:00', '100 West University Parkway, Baltimore', '', '', 1, 39.334567, -76.620539, '2015-10-21 14:47:01'),
(360, 11, 58, '', '19:22:00', 'Baltimore', '', '', 1, 39.328112, -76.621692, '2015-10-21 18:23:58'),
(361, 11, 63, '', '18:24:00', '3800-3898 Canterbury Rd, Baltimore, MD 21218, USA', '', '', 0, 39.334697, -76.620546, '2015-10-21 18:25:18'),
(362, 11, 46, '', '00:40:00', '3333 North Charles Street, Baltimore', '', '', 1, 39.328653, -76.617179, '2015-10-22 00:27:34'),
(363, 11, 62, '', '00:40:00', '3333 North Charles Street, Baltimore', '', '', 1, 39.328653, -76.617179, '2015-10-22 00:27:57'),
(364, 10, 47, '', '16:07:00', '256, Rd Number 19, Wadla Village, Wadala, Mumbai, Maharashtra 400031, India', '', '', 0, 19.017615, 72.856164, '2015-10-22 16:09:28'),
(365, 10, 41, '', '16:07:00', '256, Rd Number 19, Wadla Village, Wadala, Mumbai, Maharashtra 400031, India', '', '', 0, 19.017615, 72.856164, '2015-10-22 16:09:32'),
(366, 10, 42, '', '17:03:00', 'Aykar Vihar Rd, Jodhpur, Ahmedabad, Gujarat 380015, India', '', '', 0, 23.011475, 72.523482, '2015-10-22 17:04:33'),
(367, 10, 42, '', '17:03:00', 'Aykar Vihar Rd, Jodhpur, Ahmedabad, Gujarat 380015, India', '', '', 0, 23.011533, 72.523506, '2015-10-22 17:05:00'),
(368, 28, 64, '', '19:30:00', 'London', '', '', 0, 51.4991195, -0.1644394, '2015-10-22 18:54:03'),
(369, 11, 61, '', '18:00:00', '1 Bethesda Metro Center, Bethesda', '', '', 1, 38.984081, -77.094598, '2015-10-22 17:54:42'),
(370, 11, 61, '', '19:30:00', '1 Bethesda Metro Center, Bethesda', '', '', 0, 38.984081, -77.094598, '2015-10-22 17:55:21'),
(371, 11, 63, '', '18:54:00', '4520 East-West Highway, Bethesda', '', '', 0, 38.984642, -77.091793, '2015-10-22 17:56:02'),
(372, 28, 60, '', '22:58:00', 'Ilchester Place, London', '', '', 0, 51.503225, -0.203667, '2015-10-23 13:59:31'),
(373, 11, 53, '', '15:30:00', '1 First Street Northeast, Washington', '', '', 0, 38.890642, -77.00444, '2015-10-25 15:00:23'),
(374, 28, 60, '', '05:18:00', 'S:t Johannesgatan 31, Uppsala', '', '', 0, 59.855938, 17.619751, '2015-10-25 22:10:41'),
(375, 11, 60, '', '09:46:00', 'E Gate, Baltimore, MD 21218, USA', '', '', 0, 39.328506, -76.619344, '2015-10-27 09:48:07'),
(381, 11, 53, '', '11:15:00', 'Baltimore', '', '', 1, 39.328112, -76.621692, '2015-10-27 11:02:57'),
(377, 11, 59, '', '12:30:00', '3333 North Charles Street, Baltimore', '', '', 0, 39.32865, -76.617138, '2015-10-27 09:53:16'),
(378, 11, 51, '', '13:00:00', 'Baltimore', '', '', 0, 39.328112, -76.621692, '2015-10-27 09:54:03'),
(379, 11, 44, '', '11:15:00', 'Baltimore', '', '', 1, 39.328112, -76.621692, '2015-10-27 11:02:09'),
(380, 11, 63, '', '11:15:00', 'Baltimore', '', '', 1, 39.328112, -76.621692, '2015-10-27 11:02:24'),
(382, 11, 61, '', '19:00:00', '3333 North Charles Street, Baltimore', '', '', 0, 39.328653, -76.617179, '2015-10-27 12:08:05'),
(388, 11, 44, '', '16:13:00', 'Baltimore', '', '', 0, 39.3232464, -76.6058888, '2015-10-27 16:07:25'),
(389, 13, 65, '', '01:48:00', '3700 North Charles Street, Baltimore', '', '', 1, 39.333966, -76.6187, '2015-10-28 00:49:46'),
(385, 11, 63, '', '15:45:00', 'Bowman Dr, Baltimore, MD 21218, USA', '', '', 0, 39.327817, -76.620655, '2015-10-27 15:47:10'),
(386, 11, 46, '', '17:30:00', 'Baltimore', '', '', 0, 39.3232464, -76.6058888, '2015-10-27 15:47:44'),
(387, 11, 44, '', '16:30:00', 'Baltimore', '', '', 0, 39.3232464, -76.6058888, '2015-10-27 16:06:22'),
(390, 13, 54, '', '01:48:00', '3333 North Charles Street, Baltimore', '', '', 0, 39.328653, -76.617179, '2015-10-28 00:50:02'),
(391, 11, 65, '', '00:52:00', '104 W University Pkwy, Baltimore, MD 21210, USA', '', '', 1, 39.335117, -76.621438, '2015-10-28 00:53:25'),
(392, 24, 65, '', '07:30:00', 'JHU Rec', '', '', 0, 0, 0, '2015-10-28 01:43:33'),
(397, 11, 65, '', '17:15:00', 'FFC', '', '', 1, 0, 0, '2015-10-28 16:38:11'),
(394, 11, 65, '', '16:21:00', '201-299 W 24th St, Baltimore, MD 21218, USA', '', '', 1, 39.316055, -76.620621, '2015-10-28 16:23:02'),
(395, 11, 44, '', '16:21:00', '201-299 W 24th St, Baltimore, MD 21218, USA', '', '', 0, 39.316055, -76.620621, '2015-10-28 16:23:22'),
(396, 11, 44, '', '17:15:00', 'FFC', '', '', 1, 0, 0, '2015-10-28 16:23:34'),
(398, 11, 65, '', '16:37:00', '201-299 W 24th St, Baltimore, MD 21218, USA', '', '', 0, 39.316147, -76.620369, '2015-10-28 16:38:31'),
(399, 10, 42, '', '13:58:00', 'Aykar Vihar Rd, Jodhpur, Ahmedabad, Gujarat 380015, India', '', '', 0, 23.011501, 72.523467, '2015-10-29 14:00:19'),
(400, 10, 47, '', '13:59:00', 'Aykar Vihar Rd, Jodhpur, Ahmedabad, Gujarat 380015, India', '', '', 0, 23.011499, 72.523456, '2015-10-29 14:00:22'),
(401, 11, 65, '', '11:42:00', 'Bowman Dr, Baltimore, MD 21218, USA', '', '', 0, 39.328109, -76.621762, '2015-10-29 11:43:46'),
(402, 11, 53, '', '11:46:00', 'Baltimore', '', '', 0, 39.328112, -76.621692, '2015-10-29 11:46:22'),
(403, 11, 53, '', '11:47:00', 'Baltimore', '', '', 0, 39.328112, -76.621692, '2015-10-29 11:47:01'),
(404, 11, 53, '', '11:48:00', 'Baltimore', '', '', 0, 39.328112, -76.621692, '2015-10-29 11:47:32'),
(405, 11, 63, '', '12:46:00', 'Baltimore', '', '', 0, 39.328112, -76.621692, '2015-10-29 11:47:51'),
(410, 11, 44, '', '11:15:00', 'Baltimore', '', '', 1, 39.328112, -76.621692, '2015-10-30 10:59:23'),
(408, 11, 61, '', '11:15:00', 'Baltimore', '', '', 1, 39.328112, -76.621692, '2015-10-30 10:58:47'),
(409, 11, 65, '', '11:00:00', 'Baltimore', '', '', 0, 39.328112, -76.621692, '2015-10-30 10:58:59'),
(411, 28, 66, '', '00:00:00', 'Södermalm', '', '', 0, 59.3117576, 18.066317, '2015-10-30 19:51:00'),
(412, 11, 53, '', '00:29:00', '1705-1717 Lancaster St, Baltimore, MD 21231, USA', '', '', 0, 39.28254, -76.593034, '2015-11-01 00:30:54'),
(413, 11, 65, '', '00:29:00', '1705-1717 Lancaster St, Baltimore, MD 21231, USA', '', '', 0, 39.28254, -76.593034, '2015-11-01 00:30:58'),
(414, 11, 61, '', '00:29:00', '1705-1717 Lancaster St, Baltimore, MD 21231, USA', '', '', 0, 39.28254, -76.593034, '2015-11-01 00:31:04'),
(415, 11, 66, '', '11:15:00', '3201 Saint Paul Street, Baltimore', '', '', 0, 39.327095, -76.615712, '2015-11-02 11:05:25'),
(416, 11, 65, '', '11:15:00', '3201 Saint Paul Street, Baltimore', '', '', 0, 39.327095, -76.615712, '2015-11-02 11:05:45'),
(417, 11, 53, '', '11:04:00', '3301-3399,3300-3398 N Lovegrove St, Baltimore, MD 21218, USA', '', '', 0, 39.328273, -76.617047, '2015-11-02 11:05:55'),
(418, 11, 63, '', '10:31:00', 'E Gate, Baltimore, MD 21218, USA', '', '', 0, 39.328197, -76.619405, '2015-11-03 10:33:25'),
(419, 10, 47, '', '21:05:00', '256, Rd Number 19, Wadla Village, Wadala, Mumbai, Maharashtra 400031, India', '', '', 0, 19.017615, 72.856164, '2015-11-03 21:07:14'),
(420, 10, 38, '', '21:05:00', '256, Rd Number 19, Wadla Village, Wadala, Mumbai, Maharashtra 400031, India', '', '', 0, 19.017615, 72.856164, '2015-11-03 21:07:41');

-- --------------------------------------------------------

--
-- Table structure for table `tap_timing`
--

CREATE TABLE IF NOT EXISTS `tap_timing` (
  `tap_timing_id` bigint(20) NOT NULL AUTO_INCREMENT,
  `member_id` bigint(20) DEFAULT NULL,
  `tap_id` bigint(20) DEFAULT NULL,
  `status` tinyint(4) DEFAULT '0' COMMENT '0 - Pending / 1 - Late / 2 - No / 3 - Yes',
  `created_date` timestamp NULL DEFAULT CURRENT_TIMESTAMP,
  PRIMARY KEY (`tap_timing_id`)
) ENGINE=MyISAM  DEFAULT CHARSET=latin1 AUTO_INCREMENT=142 ;

--
-- Dumping data for table `tap_timing`
--

INSERT INTO `tap_timing` (`tap_timing_id`, `member_id`, `tap_id`, `status`, `created_date`) VALUES
(1, 1, 1, 3, '2015-08-12 03:10:24'),
(2, 4, 6, 1, '2015-08-16 19:04:47'),
(3, 4, 6, 1, '2015-08-16 19:27:27'),
(4, 4, 13, 1, '2015-08-18 18:17:08'),
(5, 4, 13, 2, '2015-08-18 18:19:18'),
(6, 4, 88, 1, '2015-08-23 18:01:01'),
(7, 4, 90, 1, '2015-08-23 18:50:11'),
(8, 10, 93, 1, '2015-08-24 08:57:08'),
(9, 11, 90, 1, '2015-08-24 08:57:14'),
(10, 10, 93, 1, '2015-08-24 08:57:14'),
(11, 11, 90, 1, '2015-08-24 08:57:17'),
(12, 10, 93, 3, '2015-08-24 08:57:30'),
(13, 11, 90, 3, '2015-08-24 09:00:36'),
(14, 11, 90, 3, '2015-08-24 09:01:18'),
(15, 11, 90, 3, '2015-08-24 09:01:44'),
(16, 11, 90, 1, '2015-08-24 09:01:49'),
(17, 11, 90, 1, '2015-08-24 09:43:57'),
(18, 10, 87, 1, '2015-08-24 19:49:48'),
(19, 4, 93, 1, '2015-08-24 19:52:37'),
(20, 4, 93, 3, '2015-08-24 19:53:32'),
(21, 4, 93, 3, '2015-08-24 19:53:51'),
(22, 4, 93, 1, '2015-08-24 19:55:43'),
(23, 4, 89, 2, '2015-08-25 20:12:42'),
(24, 4, 86, 3, '2015-08-25 20:28:40'),
(25, 4, 83, 2, '2015-08-25 20:31:30'),
(26, 10, 85, 1, '2015-08-30 12:55:28'),
(27, 10, 85, 1, '2015-08-30 12:55:50'),
(28, 11, 120, 1, '2015-09-21 16:59:25'),
(29, 11, 120, 1, '2015-09-21 16:59:30'),
(30, 4, 143, 1, '2015-08-16 19:27:27'),
(31, 4, 143, 3, '2015-08-16 19:27:27'),
(32, 4, 143, 2, '2015-08-16 19:27:27'),
(33, 14, 197, 1, '2015-10-07 15:03:30'),
(34, 17, 205, 1, '2015-10-07 17:11:52'),
(35, 17, 205, 1, '2015-10-07 17:11:53'),
(36, 11, 208, 2, '2015-10-07 17:23:13'),
(37, 22, 217, 1, '2015-10-07 18:32:25'),
(38, 22, 217, 1, '2015-10-07 18:32:27'),
(39, 22, 217, 1, '2015-10-07 18:32:28'),
(40, 22, 217, 1, '2015-10-07 18:32:29'),
(41, 22, 217, 1, '2015-10-07 18:32:31'),
(42, 22, 217, 1, '2015-10-07 18:32:33'),
(43, 22, 197, 1, '2015-10-07 18:32:34'),
(44, 22, 217, 1, '2015-10-07 18:32:35'),
(45, 11, 218, 1, '2015-10-07 19:04:26'),
(46, 11, 225, 2, '2015-10-08 18:55:38'),
(47, 11, 238, 1, '2015-10-09 15:09:16'),
(48, 11, 240, 2, '2015-10-09 15:24:29'),
(49, 13, 241, 1, '2015-10-09 15:26:08'),
(50, 24, 243, 1, '2015-10-09 16:19:28'),
(51, 24, 243, 1, '2015-10-09 16:19:30'),
(52, 16, 238, 1, '2015-10-09 16:35:46'),
(53, 16, 238, 1, '2015-10-09 16:35:47'),
(54, 25, 240, 1, '2015-10-09 20:49:11'),
(55, 25, 240, 1, '2015-10-09 20:49:15'),
(56, 25, 238, 3, '2015-10-09 20:50:44'),
(57, 25, 240, 1, '2015-10-09 20:52:04'),
(58, 25, 240, 1, '2015-10-09 20:52:08'),
(59, 25, 240, 1, '2015-10-09 20:52:33'),
(60, 25, 240, 1, '2015-10-09 20:52:34'),
(61, 25, 250, 1, '2015-10-09 21:00:37'),
(62, 18, 238, 1, '2015-10-09 21:42:42'),
(63, 18, 240, 1, '2015-10-09 21:42:53'),
(64, 26, 257, 1, '2015-10-11 22:44:06'),
(65, 11, 258, 1, '2015-10-11 23:23:20'),
(66, 20, 266, 1, '2015-10-12 03:37:15'),
(67, 11, 273, 3, '2015-10-12 16:14:52'),
(68, 11, 286, 1, '2015-10-12 22:06:47'),
(69, 14, 300, 1, '2015-10-14 15:16:31'),
(70, 14, 300, 1, '2015-10-14 15:16:34'),
(71, 14, 300, 1, '2015-10-14 15:16:41'),
(72, 14, 300, 1, '2015-10-14 15:16:42'),
(73, 14, 300, 3, '2015-10-14 15:16:57'),
(74, 14, 300, 1, '2015-10-14 15:17:04'),
(75, 14, 300, 1, '2015-10-14 15:17:16'),
(76, 14, 300, 1, '2015-10-14 15:17:18'),
(77, 13, 297, 1, '2015-10-14 16:11:24'),
(78, 26, 297, 1, '2015-10-14 16:26:40'),
(79, 26, 297, 1, '2015-10-14 16:26:41'),
(80, 26, 297, 1, '2015-10-14 16:26:42'),
(81, 26, 297, 1, '2015-10-14 16:26:54'),
(82, 26, 297, 1, '2015-10-14 16:27:06'),
(83, 26, 297, 1, '2015-10-14 16:27:09'),
(84, 16, 304, 1, '2015-10-14 16:28:33'),
(85, 16, 304, 1, '2015-10-14 16:28:35'),
(86, 16, 304, 1, '2015-10-14 16:28:36'),
(87, 16, 304, 1, '2015-10-14 16:29:03'),
(88, 16, 304, 1, '2015-10-14 16:29:04'),
(89, 16, 304, 1, '2015-10-14 16:29:04'),
(90, 26, 297, 1, '2015-10-14 16:29:52'),
(91, 26, 297, 1, '2015-10-14 16:29:53'),
(92, 16, 304, 1, '2015-10-14 16:30:17'),
(93, 16, 304, 1, '2015-10-14 16:30:31'),
(94, 16, 304, 1, '2015-10-14 16:30:33'),
(95, 16, 304, 1, '2015-10-14 16:30:35'),
(96, 16, 304, 1, '2015-10-14 16:30:44'),
(97, 16, 304, 1, '2015-10-14 16:30:55'),
(98, 16, 304, 1, '2015-10-14 16:30:56'),
(99, 16, 304, 1, '2015-10-14 16:30:56'),
(100, 16, 304, 1, '2015-10-14 16:30:58'),
(101, 16, 304, 1, '2015-10-14 16:30:59'),
(102, 16, 304, 1, '2015-10-14 16:31:01'),
(103, 16, 304, 1, '2015-10-14 16:31:11'),
(104, 16, 304, 1, '2015-10-14 16:31:13'),
(105, 16, 304, 1, '2015-10-14 16:31:14'),
(106, 16, 304, 1, '2015-10-14 16:31:14'),
(107, 16, 304, 1, '2015-10-14 16:31:15'),
(108, 16, 304, 1, '2015-10-14 16:31:19'),
(109, 16, 304, 1, '2015-10-14 16:31:20'),
(110, 16, 304, 1, '2015-10-14 16:31:24'),
(111, 16, 304, 1, '2015-10-14 16:31:27'),
(112, 16, 304, 1, '2015-10-14 16:31:28'),
(113, 16, 304, 1, '2015-10-14 16:31:29'),
(114, 16, 304, 1, '2015-10-14 16:31:30'),
(115, 16, 304, 1, '2015-10-14 16:31:35'),
(116, 16, 304, 1, '2015-10-14 16:31:41'),
(117, 16, 304, 1, '2015-10-14 16:31:52'),
(118, 26, 304, 1, '2015-10-14 16:31:53'),
(119, 16, 304, 1, '2015-10-14 16:31:53'),
(120, 16, 304, 1, '2015-10-14 16:31:55'),
(121, 16, 304, 1, '2015-10-14 16:31:57'),
(122, 16, 304, 1, '2015-10-14 16:31:59'),
(123, 24, 297, 1, '2015-10-14 16:34:22'),
(124, 24, 297, 1, '2015-10-14 16:34:24'),
(125, 24, 297, 1, '2015-10-14 16:34:26'),
(126, 24, 297, 1, '2015-10-14 16:34:41'),
(127, 24, 304, 1, '2015-10-14 16:34:43'),
(128, 11, 312, 1, '2015-10-17 15:31:15'),
(129, 25, 324, 1, '2015-10-17 19:07:05'),
(130, 18, 324, 1, '2015-10-17 21:54:30'),
(131, 11, 330, 1, '2015-10-17 22:52:17'),
(132, 25, 331, 1, '2015-10-17 22:53:35'),
(133, 11, 340, 1, '2015-10-19 21:17:34'),
(134, 11, 354, 1, '2015-10-20 21:40:43'),
(135, 30, 354, 1, '2015-10-20 21:49:39'),
(136, 30, 354, 1, '2015-10-20 21:49:40'),
(137, 13, 357, 1, '2015-10-21 02:48:10'),
(138, 13, 358, 2, '2015-10-21 02:49:31'),
(139, 11, 368, 1, '2015-10-22 21:54:54'),
(140, 11, 389, 1, '2015-10-28 04:53:11'),
(141, 24, 393, 1, '2015-10-28 20:29:14');

-- --------------------------------------------------------

--
-- Table structure for table `user`
--

CREATE TABLE IF NOT EXISTS `user` (
  `user_id` bigint(11) NOT NULL AUTO_INCREMENT,
  `name` text,
  `image` text,
  `udid` text,
  `fb_id` text,
  `email` text,
  `mobile` varchar(50) DEFAULT NULL,
  `latitude` varchar(50) DEFAULT NULL,
  `longitude` varchar(50) DEFAULT NULL,
  `created_date` timestamp NOT NULL DEFAULT CURRENT_TIMESTAMP,
  PRIMARY KEY (`user_id`)
) ENGINE=MyISAM  DEFAULT CHARSET=latin1 AUTO_INCREMENT=31 ;

--
-- Dumping data for table `user`
--

INSERT INTO `user` (`user_id`, `name`, `image`, `udid`, `fb_id`, `email`, `mobile`, `latitude`, `longitude`, `created_date`) VALUES
(1, 'test111', '1438628650.png', '4as54dsa84das4das84das89d4', '789', 'aa@gmail.com', '1234567890', '22.22', '73.33', '2015-08-20 10:43:37'),
(2, 'testing', '1437129736.jpg', '4as54dsa84das4das84das89d4', '111', 'aa@gmail.com', '1234567890', '22.223', '73.333', '2015-07-17 10:46:10'),
(3, 'test111', NULL, '4as54dsa84das4das84das89d4', '78967', 'aat12@gmail.com', '1234567890', '22.22', '73.33', '2015-08-05 17:32:50'),
(4, 'Arvind Maheta', NULL, '', '646944105442406', 'mahetaarvind2@gmail.com', NULL, '37.337684', '-122.026742', '2015-08-05 17:34:37'),
(5, 'Magicman Moju', NULL, 'e48ddb486603b62a4c003829d033e269a686b53311269f13329ab76648be3c87', '10153410477570399', 'timeymoju@aol.com', NULL, '0.0000', '0.0000', '2015-08-07 07:21:20'),
(6, 'test11111', NULL, '4as54dsa84das4das84das89d4', '78934', 'aaabbb@gmail.com', '1234567890', '22.22', '73.33', '2015-08-07 20:26:19'),
(7, 'test111114', NULL, '4as54dsa84das4das84das89d4', '789345', 'aaabbcb@gmail.com', '1234567890', '22.22', '73.33', '2015-08-07 20:27:20'),
(8, 'Anil Motwani', NULL, NULL, '1006780362689991', 'anilmotwani13@gmail.com', NULL, '0.0000', '0.0000', '2015-08-08 07:01:30'),
(9, 'Arvind Maheta', NULL, NULL, '609482439188573', 'mahetaarvind2@gmail.com', NULL, '0.0000', '0.0000', '2015-08-08 18:22:16'),
(10, 'Anil Motwani', NULL, '', '1007409585960402', 'anilmotwani13@gmail.com', NULL, '23.011513', '72.523513', '2015-08-08 22:15:01'),
(11, 'Magicman Moju', NULL, '', '10153414517205399', 'timeymoju@aol.com', NULL, '39.335261', '-76.621482', '2015-08-08 23:33:19'),
(12, 'Rúnar Guðbjartsson Jr.', NULL, '', '10207094404789166', 'runarjr@gmail.com', NULL, '0.0000', '0.0000', '2015-08-10 16:31:39'),
(28, 'Akali Moju', NULL, '', '728276177278776', 'akalimoju@charterhouse.org.uk', '+19259970207', '0.0000', '0.0000', '2015-10-12 21:59:04'),
(13, 'Dario Verta', NULL, '', '10206898653118573', 'dario.verta@hotmail.com', '+17876154145', '39.328555', '-76.619482', '2015-10-05 13:34:35'),
(14, 'Nico Pooran Latorre', NULL, '', '10153578826858911', 'icocas12@hotmail.com', '+19142828274', '39.330496', '-76.617425', '2015-10-05 15:03:42'),
(15, 'Zacharias Papazachariou', NULL, NULL, '1050603384979923', 'zpapaza1@jhu.edu', '+14103362669', '0.0000', '0.0000', '2015-10-05 15:35:48'),
(16, 'Alexi Bennink', NULL, '', '10156372684770643', 'alexi.bennink@gmail.com', '+914438900379', '0.0000', '0.0000', '2015-10-05 16:03:12'),
(17, 'Magnus Kjepso Halvorsen', NULL, '', '968789379851562', 'magnus_halvorsen@hotmail.com', '+14438579716', '39.326162', '-76.615142', '2015-10-05 17:39:33'),
(18, 'Mutasem Dmour', NULL, '', '10153766281235555', 'mutdmour@gmail.com', '+12024311136', '39.332082', '-76.617435', '2015-10-05 20:16:00'),
(21, 'Karan Jasvanee', NULL, '', '981341348571664', 'jasvanee.karan@gmail.com', '+919904883115', '0.0000', '0.0000', '2015-10-07 11:04:04'),
(19, 'Piyush Patel', NULL, '8286297791490959e97df27fdad006885c38ce4f6d1923504c67d0991c64d725', '890970520985044', 'piyush2359@gmail.com', '+918905413442', '0.0000', '0.0000', '2015-10-06 12:53:31'),
(25, 'Pranay Tyle', NULL, '', '10153707153089577', 'pranaytyle@gmail.com', '+13019105501', '39.330987', '-76.631844', '2015-10-09 16:33:49'),
(20, 'Çınar Ark', NULL, '', '10154241680418332', 'cinarark94@hotmail.com', '+912023449091', '0.0000', '0.0000', '2015-10-06 20:09:07'),
(22, 'Peter Ahn', NULL, '', '10153761757487147', 'peterahnj@gmail.com', '+14437421773', '39.325235', '-76.622147', '2015-10-07 18:30:30'),
(23, 'Kyle Candela', NULL, '', '10207747267980569', 'kvcandela@gmail.com', '+19089381363', '0.0000', '0.0000', '2015-10-07 19:40:16'),
(24, 'Patrick Peña', NULL, '', '10207084261057437', 'pat_pena94@yahoo.com', '+14093707590', '0.0000', '0.0000', '2015-10-09 15:36:32'),
(26, 'Austin Lee', NULL, '4871b060abccf0141bb2279587a3d50e57631f61eead41aeb207b3837bfa6b39', '1063669323643225', 'alaustinlee@gmail.com', '+16316177414', '39.330497', '-76.617358', '2015-10-09 17:10:18'),
(27, 'Brakuah Kwakyi', NULL, '', '10208084105044910', 'ohemz@yahoo.com', '+14437439785', '0.0000', '0.0000', '2015-10-10 01:01:17'),
(30, 'Mikey Snelgar', NULL, '', '10207540614900879', 'mikesnelgar@googlemail.com', '+447951586043', '40.757501', '-73.986497', '2015-10-20 21:27:00'),
(29, 'Nick Palmer', NULL, '', '899864960068469', 'nick@somerswey.co.uk', '+447552615614', '51.484705', '-0.174301', '2015-10-19 21:13:05');

-- --------------------------------------------------------

--
-- Table structure for table `userlocationfortap`
--

CREATE TABLE IF NOT EXISTS `userlocationfortap` (
  `id` int(11) NOT NULL AUTO_INCREMENT,
  `tap_id` int(11) NOT NULL,
  `user_id` int(11) NOT NULL,
  `created` timestamp NOT NULL DEFAULT CURRENT_TIMESTAMP,
  PRIMARY KEY (`id`)
) ENGINE=InnoDB  DEFAULT CHARSET=latin1 AUTO_INCREMENT=26 ;

--
-- Dumping data for table `userlocationfortap`
--

INSERT INTO `userlocationfortap` (`id`, `tap_id`, `user_id`, `created`) VALUES
(1, 1, 1, '2015-08-12 18:35:24'),
(2, 88, 4, '2015-08-23 18:22:46'),
(3, 90, 4, '2015-08-23 18:49:19'),
(4, 90, 11, '2015-08-28 18:09:56'),
(5, 205, 17, '2015-10-07 17:14:30'),
(6, 213, 17, '2015-10-07 17:42:10'),
(7, 197, 22, '2015-10-07 18:58:57'),
(8, 218, 11, '2015-10-07 19:05:04'),
(9, 238, 11, '2015-10-09 15:14:50'),
(10, 238, 25, '2015-10-09 21:00:06'),
(11, 238, 18, '2015-10-09 21:42:54'),
(12, 286, 11, '2015-10-12 22:10:33'),
(13, 300, 14, '2015-10-14 16:07:26'),
(14, 329, 25, '2015-10-17 23:01:47'),
(15, 339, 10, '2015-10-19 12:57:04'),
(16, 340, 29, '2015-10-19 21:18:49'),
(17, 340, 11, '2015-10-19 23:34:42'),
(18, 342, 26, '2015-10-20 00:17:56'),
(19, 350, 14, '2015-10-20 15:13:29'),
(20, 354, 30, '2015-10-20 21:40:20'),
(21, 354, 11, '2015-10-20 21:40:46'),
(22, 354, 29, '2015-10-20 22:42:52'),
(23, 356, 11, '2015-10-21 02:45:39'),
(24, 357, 13, '2015-10-21 02:50:18'),
(25, 389, 11, '2015-10-28 04:53:59');

-- --------------------------------------------------------

--
-- Table structure for table `user_group`
--

CREATE TABLE IF NOT EXISTS `user_group` (
  `group_id` bigint(20) NOT NULL AUTO_INCREMENT,
  `admin_id` bigint(20) DEFAULT NULL,
  `members_id` text,
  `group_name` text,
  `group_pin` varchar(100) DEFAULT NULL,
  `group_image` text,
  `isClosed` tinyint(1) NOT NULL DEFAULT '0',
  `created_date` timestamp NOT NULL DEFAULT CURRENT_TIMESTAMP,
  PRIMARY KEY (`group_id`)
) ENGINE=MyISAM  DEFAULT CHARSET=latin1 AUTO_INCREMENT=67 ;

--
-- Dumping data for table `user_group`
--

INSERT INTO `user_group` (`group_id`, `admin_id`, `members_id`, `group_name`, `group_pin`, `group_image`, `isClosed`, `created_date`) VALUES
(1, 2, '1|2|3', 'use one TWO', '1-2-JE1T3', NULL, 0, '2015-08-10 10:19:33'),
(2, 2, '1|2|3', 'use one TWO', '2-2-BU9SR', NULL, 0, '2015-08-10 10:20:08'),
(3, 2, '1|3|4', 'use one TWO', '3-2-N7TAF', NULL, 0, '2015-08-07 20:30:52'),
(4, 609482439188573, '960933573941337', 'arvind group1', '4-609482439188573-JX3GJ', NULL, 0, '2015-08-08 19:52:03'),
(41, 10, '10|19|10', 'Anil group', '6400', '1444136720.png', 0, '2015-10-06 13:05:20'),
(19, 2, '1|3', 'ess', '4535', '1439924164.png', 0, '2015-08-18 18:56:04'),
(15, 4, '10|4', 'new group create', '15-4-JMBE7', NULL, 0, '2015-08-15 13:37:55'),
(8, 2, '1|3|4|', 'use one TWO', '8-2-TADY3', NULL, 0, '2015-08-12 20:19:34'),
(9, 2, '1|3|6|8', 'use one retwer', '9-2-C0DQY', NULL, 0, '2015-08-12 20:20:57'),
(21, 2, '1|3|4', 'use one TWO', '8807', NULL, 0, '2015-08-18 19:06:13'),
(20, 2, '1|2|3', 'new anil', '5988', '1439924471.png', 0, '2015-08-18 19:01:14'),
(16, 4, '10|4', 'arvind group1', '16-4-XU51Q', NULL, 0, '2015-08-16 13:34:49'),
(22, 2, '1|3', 'asas', '3781', '1439924805.png', 0, '2015-08-18 19:06:50'),
(23, 4, '10|4', 'arvind123456', '9055', '1439925291.png', 0, '2015-08-18 19:14:51'),
(24, 4, '10|4', 'group 45690000', '3757', '1439928245.png', 0, '2015-08-18 20:04:05'),
(40, 19, '10|19', 'piyush group', '9909', '1444136409.png', 1, '2015-10-06 13:00:09'),
(27, 10, '4|10', 'Anil group', '5127', '1440179116.png', 0, '2015-08-21 17:45:16'),
(28, 4, '10|4', 'ios group', '2072', '1440181687.png', 0, '2015-08-21 18:28:07'),
(29, 10, '4|10', 'hollywood diaries', '5586', '1440347742.png', 0, '2015-08-23 16:35:42'),
(30, 10, '4|12|10', 'Friendship day', '8165', '1440354836.png', 0, '2015-08-23 18:33:56'),
(31, 10, '4|12|10|11', 'Buddies', '1377', '1440355184.png', 0, '2015-08-23 18:39:44'),
(32, 4, '10|4', 'my group Roks', '2538', '1440356912.png', 0, '2015-08-23 19:08:32'),
(33, 4, '10|4', 'Stare group', '4999', '1440357907.png', 0, '2015-08-23 19:25:07'),
(34, 10, '4|10|10', 'Rocking buddies', '3684', '1443376374.png', 0, '2015-09-27 17:52:54'),
(35, 10, '4%7C10%7C10', 'Cool+group', '4596', '1442855639.png', 0, '2015-09-21 17:14:07'),
(37, 2, '1|3', 'closedGroup', '3423', NULL, 1, '2015-09-27 15:51:12'),
(38, 10, '4|10|10', 'New closed group', '8500', '1443376680.png', 1, '2015-09-27 17:58:00'),
(44, 11, '16|14|11', 'GOONS', '3283', '1444161757.png', 0, '2015-10-06 20:02:37'),
(42, 10, '4|10|(\n    21\n)|10', 'abcde', '3579', '1446102257.png', 0, '2015-10-29 07:04:17'),
(47, 10, '21|10', 'Karan', '5477', '1444215897.png', 0, '2015-10-07 11:04:57'),
(46, 24, '11|13|14|15|16|17|18|25|22|23|24|27|24', 'UTapp JHU', '7819', '1446011058.png', 1, '2015-10-28 05:44:18'),
(65, 11, '26|13|24|15|11|18', 'HI FIVE CLUB', '5678', '1446132819.png', 0, '2015-10-29 15:33:39'),
(59, 11, '15|16|25|20|18|17|24|26|27|11|12|28', 'PRAY FOR TURKEY', '8841', '1444620702.png', 0, '2015-10-12 03:31:42'),
(61, 11, '13|17|20|11|13', 'TRIVIA MVPs', '4041', '1444773810.png', 0, '2015-10-13 22:03:30'),
(53, 11, '20|11|12|28', 'Free Spirits', '6281', '1445550762.png', 0, '2015-10-22 21:52:42'),
(66, 28, '11|30|29|28', 'moju gang', '5523', '1446230958.png', 0, '2015-10-30 18:49:18'),
(57, 27, '11|27', 'johnny bravo and co.', '4925', '1444439034.png', 0, '2015-10-10 01:03:54'),
(63, 11, '18|25|26|11|14', 'MONTY SLAVES', '6341', '1446565145.png', 0, '2015-11-03 15:39:05');

/*!40101 SET CHARACTER_SET_CLIENT=@OLD_CHARACTER_SET_CLIENT */;
/*!40101 SET CHARACTER_SET_RESULTS=@OLD_CHARACTER_SET_RESULTS */;
/*!40101 SET COLLATION_CONNECTION=@OLD_COLLATION_CONNECTION */;
